,Descriptors,Coeff
875,875,0.29
202,202,0.28
1160,1160,0.26
1747,1747,0.25
935,935,0.25
1873,1873,0.22
1920,1920,0.22
1390,1390,0.22
2009,2009,0.21
573,573,0.2
1750,1750,0.2
806,806,0.19
1518,1518,0.18
725,725,0.18
1683,1683,0.18
609,609,0.17
475,475,0.17
1702,1702,0.17
1954,1954,0.17
1181,1181,0.16
1662,1662,0.16
689,689,0.16
1380,1380,0.16
1235,1235,0.16
925,925,0.16
1263,1263,0.16
1192,1192,0.15
1010,1010,0.15
931,931,0.15
1803,1803,0.15
1955,1955,0.15
561,561,0.15
1793,1793,0.15
1848,1848,0.15
2011,2011,0.15
1413,1413,0.15
992,992,0.14
1409,1409,0.14
1416,1416,0.14
1435,1435,0.14
58,58,0.14
655,655,0.14
1107,1107,0.14
559,559,0.14
1088,1088,0.14
703,703,0.14
2025,2025,0.14
1743,1743,0.14
1284,1284,0.14
211,211,0.14
34,34,0.14
1504,1504,0.14
465,465,0.14
216,216,0.14
1152,1152,0.14
736,736,0.14
1542,1542,0.13
1493,1493,0.13
989,989,0.13
734,734,0.13
1844,1844,0.13
648,648,0.13
1637,1637,0.13
860,860,0.13
132,132,0.13
92,92,0.13
864,864,0.13
1172,1172,0.13
160,160,0.13
1821,1821,0.13
472,472,0.13
1285,1285,0.13
560,560,0.13
1854,1854,0.13
1132,1132,0.12
53,53,0.12
1661,1661,0.12
1825,1825,0.12
1264,1264,0.12
1056,1056,0.12
732,732,0.12
1936,1936,0.12
1918,1918,0.12
964,964,0.12
1454,1454,0.12
1993,1993,0.12
756,756,0.12
666,666,0.12
1530,1530,0.12
1291,1291,0.12
384,384,0.12
1114,1114,0.12
650,650,0.12
1127,1127,0.12
1295,1295,0.12
1405,1405,0.12
1574,1574,0.12
1712,1712,0.12
1279,1279,0.12
242,242,0.11
494,494,0.11
596,596,0.11
750,750,0.11
178,178,0.11
1756,1756,0.11
498,498,0.11
511,511,0.11
527,527,0.11
281,281,0.11
1964,1964,0.11
661,661,0.11
358,358,0.11
2017,2017,0.11
586,586,0.11
396,396,0.11
889,889,0.11
1131,1131,0.11
1464,1464,0.11
1879,1879,0.11
1234,1234,0.11
1199,1199,0.11
2039,2039,0.11
1817,1817,0.11
1907,1907,0.11
1146,1146,0.11
1374,1374,0.11
1437,1437,0.11
1631,1631,0.11
38,38,0.11
1301,1301,0.11
1329,1329,0.11
1334,1334,0.11
1345,1345,0.11
906,906,0.11
641,641,0.1
1445,1445,0.1
1591,1591,0.1
162,162,0.1
1442,1442,0.1
896,896,0.1
1208,1208,0.1
1222,1222,0.1
1640,1640,0.1
1753,1753,0.1
1269,1269,0.1
1578,1578,0.1
1355,1355,0.1
1967,1967,0.1
1278,1278,0.1
418,418,0.1
558,558,0.1
1602,1602,0.1
76,76,0.1
2002,2002,0.1
858,858,0.1
230,230,0.1
938,938,0.1
943,943,0.1
1527,1527,0.1
754,754,0.1
956,956,0.1
1912,1912,0.1
728,728,0.1
1016,1016,0.1
1997,1997,0.1
1032,1032,0.1
1735,1735,0.1
704,704,0.1
659,659,0.1
1901,1901,0.1
271,271,0.1
1765,1765,0.1
1754,1754,0.1
1061,1061,0.1
1663,1663,0.1
289,289,0.1
1899,1899,0.1
1984,1984,0.09
415,415,0.09
346,346,0.09
250,250,0.09
400,400,0.09
348,348,0.09
263,263,0.09
1391,1391,0.09
1467,1467,0.09
366,366,0.09
443,443,0.09
1820,1820,0.09
1976,1976,0.09
647,647,0.09
909,909,0.09
1632,1632,0.09
751,751,0.09
1625,1625,0.09
1025,1025,0.09
712,712,0.09
1617,1617,0.09
1054,1054,0.09
686,686,0.09
1059,1059,0.09
1124,1124,0.09
1669,1669,0.09
455,455,0.09
1170,1170,0.09
1680,1680,0.09
1588,1588,0.09
1583,1583,0.09
1245,1245,0.09
507,507,0.09
1697,1697,0.09
1577,1577,0.09
1281,1281,0.09
1970,1970,0.09
1867,1867,0.09
1807,1807,0.09
764,764,0.09
117,117,0.09
197,197,0.09
2044,2044,0.09
1785,1785,0.09
176,176,0.09
121,121,0.09
119,119,0.09
1776,1776,0.09
1333,1333,0.08
167,167,0.08
855,855,0.08
663,663,0.08
787,787,0.08
1052,1052,0.08
583,583,0.08
811,811,0.08
851,851,0.08
791,791,0.08
1963,1963,0.08
557,557,0.08
1415,1415,0.08
1671,1671,0.08
1159,1159,0.08
1157,1157,0.08
143,143,0.08
1647,1647,0.08
574,574,0.08
1586,1586,0.08
1074,1074,0.08
827,827,0.08
1471,1471,0.08
165,165,0.08
1246,1246,0.08
95,95,0.08
1253,1253,0.08
1676,1676,0.08
79,79,0.08
945,945,0.08
191,191,0.08
203,203,0.08
1878,1878,0.08
108,108,0.08
1634,1634,0.08
1357,1357,0.08
1806,1806,0.08
676,676,0.08
1098,1098,0.08
409,409,0.08
1983,1983,0.08
1886,1886,0.08
672,672,0.08
1371,1371,0.08
1427,1427,0.08
885,885,0.08
504,504,0.08
1352,1352,0.08
879,879,0.08
1787,1787,0.08
870,870,0.08
1693,1693,0.08
1692,1692,0.08
1710,1710,0.08
1063,1063,0.08
626,626,0.07
1991,1991,0.07
627,627,0.07
155,155,0.07
1382,1382,0.07
1381,1381,0.07
637,637,0.07
83,83,0.07
1039,1039,0.07
322,322,0.07
612,612,0.07
369,369,0.07
156,156,0.07
1766,1766,0.07
421,421,0.07
1982,1982,0.07
1227,1227,0.07
1101,1101,0.07
476,476,0.07
1698,1698,0.07
497,497,0.07
404,404,0.07
506,506,0.07
1694,1694,0.07
1209,1209,0.07
526,526,0.07
1718,1718,0.07
531,531,0.07
532,532,0.07
383,383,0.07
569,569,0.07
1812,1812,0.07
1473,1473,0.07
1070,1070,0.07
582,582,0.07
597,597,0.07
2034,2034,0.07
1478,1478,0.07
1189,1189,0.07
10,10,0.07
993,993,0.07
97,97,0.07
1000,1000,0.07
1299,1299,0.07
285,285,0.07
1302,1302,0.07
876,876,0.07
1624,1624,0.07
2000,2000,0.07
816,816,0.07
986,986,0.07
1533,1533,0.07
867,867,0.07
1914,1914,0.07
1510,1510,0.07
267,267,0.07
318,318,0.07
835,835,0.07
1568,1568,0.07
983,983,0.07
854,854,0.07
848,848,0.07
1862,1862,0.07
255,255,0.07
769,769,0.07
64,64,0.07
1495,1495,0.07
1946,1946,0.07
304,304,0.07
43,43,0.07
113,113,0.07
746,746,0.07
1158,1158,0.07
101,101,0.07
1659,1659,0.07
913,913,0.07
1349,1349,0.07
1917,1917,0.07
1009,1009,0.07
1358,1358,0.07
11,11,0.06
2015,2015,0.06
1221,1221,0.06
853,853,0.06
521,521,0.06
441,441,0.06
520,520,0.06
450,450,0.06
859,859,0.06
1928,1928,0.06
957,957,0.06
107,107,0.06
961,961,0.06
1231,1231,0.06
1823,1823,0.06
1626,1626,0.06
920,920,0.06
1695,1695,0.06
1093,1093,0.06
1306,1306,0.06
1305,1305,0.06
1419,1419,0.06
891,891,0.06
911,911,0.06
711,711,0.06
834,834,0.06
850,850,0.06
1337,1337,0.06
617,617,0.06
758,758,0.06
1347,1347,0.06
1350,1350,0.06
1874,1874,0.06
25,25,0.06
1667,1667,0.06
1237,1237,0.06
148,148,0.06
1015,1015,0.06
731,731,0.06
723,723,0.06
1251,1251,0.06
2037,2037,0.06
1033,1033,0.06
29,29,0.06
786,786,0.06
1688,1688,0.06
598,598,0.06
1079,1079,0.06
168,168,0.06
846,846,0.06
1686,1686,0.06
18,18,0.06
567,567,0.06
830,830,0.06
815,815,0.06
578,578,0.06
1584,1584,0.06
809,809,0.06
1068,1068,0.06
1748,1748,0.06
991,991,0.06
1332,1332,0.06
702,702,0.06
1772,1772,0.06
1734,1734,0.06
1177,1177,0.06
1719,1719,0.06
2045,2045,0.06
412,412,0.06
283,283,0.06
352,352,0.06
353,353,0.06
2042,2042,0.06
1545,1545,0.06
1888,1888,0.06
1185,1185,0.06
1182,1182,0.06
1462,1462,0.06
1519,1519,0.06
324,324,0.06
402,402,0.06
1988,1988,0.06
419,419,0.06
395,395,0.06
1212,1212,0.06
1203,1203,0.06
220,220,0.06
422,422,0.06
1153,1153,0.06
1179,1179,0.06
386,386,0.05
1929,1929,0.05
1303,1303,0.05
603,603,0.05
984,984,0.05
264,264,0.05
605,605,0.05
607,607,0.05
1320,1320,0.05
1138,1138,0.05
977,977,0.05
824,824,0.05
1318,1318,0.05
1310,1310,0.05
1554,1554,0.05
541,541,0.05
249,249,0.05
1909,1909,0.05
1417,1417,0.05
1784,1784,0.05
1268,1268,0.05
1140,1140,0.05
212,212,0.05
102,102,0.05
22,22,0.05
198,198,0.05
1142,1142,0.05
1408,1408,0.05
1715,1715,0.05
359,359,0.05
1205,1205,0.05
86,86,0.05
23,23,0.05
317,317,0.05
1258,1258,0.05
1529,1529,0.05
1950,1950,0.05
700,700,0.05
1012,1012,0.05
1499,1499,0.05
1248,1248,0.05
1490,1490,0.05
1947,1947,0.05
1855,1855,0.05
716,716,0.05
27,27,0.05
1538,1538,0.05
724,724,0.05
1622,1622,0.05
28,28,0.05
1020,1020,0.05
129,129,0.05
690,690,0.05
687,687,0.05
1670,1670,0.05
2024,2024,0.05
819,819,0.05
1690,1690,0.05
24,24,0.05
1731,1731,0.05
802,802,0.05
1150,1150,0.05
1486,1486,0.05
997,997,0.05
70,70,0.05
1162,1162,0.05
668,668,0.05
784,784,0.05
1800,1800,0.05
327,327,0.05
675,675,0.05
1339,1339,0.05
774,774,0.05
1003,1003,0.05
389,389,0.05
1233,1233,0.05
306,306,0.05
930,930,0.05
173,173,0.05
100,100,0.05
187,187,0.05
57,57,0.05
499,499,0.05
1183,1183,0.05
1926,1926,0.05
461,461,0.05
960,960,0.05
1610,1610,0.05
469,469,0.05
1607,1607,0.05
1576,1576,0.05
474,474,0.05
1868,1868,0.05
486,486,0.05
1190,1190,0.05
480,480,0.05
901,901,0.05
36,36,0.05
950,950,0.05
1708,1708,0.05
1546,1546,0.05
1270,1270,0.05
1134,1134,0.05
1649,1649,0.04
1566,1566,0.04
743,743,0.04
1999,1999,0.04
1439,1439,0.04
2008,2008,0.04
944,944,0.04
652,652,0.04
1980,1980,0.04
468,468,0.04
656,656,0.04
789,789,0.04
1023,1023,0.04
1905,1905,0.04
154,154,0.04
430,430,0.04
131,131,0.04
1123,1123,0.04
1916,1916,0.04
411,411,0.04
1841,1841,0.04
14,14,0.04
821,821,0.04
1567,1567,0.04
1466,1466,0.04
1287,1287,0.04
629,629,0.04
628,628,0.04
341,341,0.04
1600,1600,0.04
624,624,0.04
329,329,0.04
1455,1455,0.04
219,219,0.04
1501,1501,0.04
1361,1361,0.04
104,104,0.04
1451,1451,0.04
698,698,0.04
1858,1858,0.04
942,942,0.04
295,295,0.04
315,315,0.04
50,50,0.04
713,713,0.04
1118,1118,0.04
103,103,0.04
1978,1978,0.04
1620,1620,0.04
763,763,0.04
221,221,0.04
1816,1816,0.04
679,679,0.04
1109,1109,0.04
314,314,0.04
1338,1338,0.04
1769,1769,0.04
1972,1972,0.04
775,775,0.04
1559,1559,0.04
1975,1975,0.04
40,40,0.04
1387,1387,0.04
141,141,0.04
1224,1224,0.04
1524,1524,0.04
1580,1580,0.04
1385,1385,0.04
1937,1937,0.04
1987,1987,0.04
1096,1096,0.04
66,66,0.04
2046,2046,0.04
405,405,0.04
1985,1985,0.04
199,199,0.04
1418,1418,0.04
1477,1477,0.04
1700,1700,0.04
385,385,0.04
1066,1066,0.04
544,544,0.04
1064,1064,0.04
1932,1932,0.04
171,171,0.04
1144,1144,0.04
575,575,0.04
537,537,0.04
1850,1850,0.04
377,377,0.04
510,510,0.04
562,562,0.04
1075,1075,0.04
375,375,0.04
1141,1141,0.04
35,35,0.04
910,910,0.04
1178,1178,0.04
1644,1644,0.04
1736,1736,0.04
852,852,0.04
257,257,0.04
1822,1822,0.04
884,884,0.04
378,378,0.04
1086,1086,0.04
530,530,0.04
488,488,0.04
349,349,0.04
485,485,0.04
894,894,0.04
1511,1511,0.04
831,831,0.04
484,484,0.04
1148,1148,0.04
828,828,0.04
208,208,0.04
528,528,0.04
54,54,0.04
2010,2010,0.04
229,229,0.04
1432,1432,0.04
209,209,0.04
602,602,0.04
1230,1230,0.04
1691,1691,0.04
490,490,0.04
916,916,0.04
1589,1589,0.04
158,158,0.04
1658,1658,0.03
91,91,0.03
887,887,0.03
2006,2006,0.03
1296,1296,0.03
240,240,0.03
1835,1835,0.03
1017,1017,0.03
1866,1866,0.03
241,241,0.03
739,739,0.03
951,951,0.03
1727,1727,0.03
740,740,0.03
47,47,0.03
974,974,0.03
1014,1014,0.03
966,966,0.03
1271,1271,0.03
1884,1884,0.03
226,226,0.03
1774,1774,0.03
795,795,0.03
841,841,0.03
1319,1319,0.03
1594,1594,0.03
1195,1195,0.03
286,286,0.03
987,987,0.03
836,836,0.03
111,111,0.03
265,265,0.03
273,273,0.03
1321,1321,0.03
793,793,0.03
927,927,0.03
1871,1871,0.03
39,39,0.03
2007,2007,0.03
1799,1799,0.03
1282,1282,0.03
1344,1344,0.03
771,771,0.03
258,258,0.03
779,779,0.03
1650,1650,0.03
205,205,0.03
1870,1870,0.03
5,5,0.03
1164,1164,0.03
1789,1789,0.03
262,262,0.03
236,236,0.03
688,688,0.03
1428,1428,0.03
501,501,0.03
664,664,0.03
1094,1094,0.03
87,87,0.03
1393,1393,0.03
328,328,0.03
1480,1480,0.03
1395,1395,0.03
483,483,0.03
406,406,0.03
1721,1721,0.03
1746,1746,0.03
542,542,0.03
1958,1958,0.03
1555,1555,0.03
1049,1049,0.03
399,399,0.03
398,398,0.03
371,371,0.03
1839,1839,0.03
1377,1377,0.03
1853,1853,0.03
1051,1051,0.03
2033,2033,0.03
2021,2021,0.03
1541,1541,0.03
635,635,0.03
382,382,0.03
533,533,0.03
535,535,0.03
545,545,0.03
1668,1668,0.03
1847,1847,0.03
1895,1895,0.03
445,445,0.03
166,166,0.03
1797,1797,0.03
707,707,0.03
1461,1461,0.03
1119,1119,0.03
1489,1489,0.03
1852,1852,0.03
1749,1749,0.03
133,133,0.03
1547,1547,0.03
701,701,0.03
589,589,0.03
1903,1903,0.03
1220,1220,0.03
379,379,0.03
459,459,0.03
556,556,0.03
1218,1218,0.03
1779,1779,0.03
1440,1440,0.03
310,310,0.03
437,437,0.03
1307,1307,0.02
1572,1572,0.02
1469,1469,0.02
213,213,0.02
1896,1896,0.02
856,856,0.02
866,866,0.02
568,568,0.02
1571,1571,0.02
1595,1595,0.02
1931,1931,0.02
1831,1831,0.02
373,373,0.02
861,861,0.02
1813,1813,0.02
247,247,0.02
1076,1076,0.02
248,248,0.02
308,308,0.02
1609,1609,0.02
1304,1304,0.02
238,238,0.02
1709,1709,0.02
1436,1436,0.02
473,473,0.02
1845,1845,0.02
416,416,0.02
1225,1225,0.02
1447,1447,0.02
936,936,0.02
106,106,0.02
2,2,0.02
78,78,0.02
447,447,0.02
434,434,0.02
947,947,0.02
1604,1604,0.02
1430,1430,0.02
99,99,0.02
2013,2013,0.02
2036,2036,0.02
886,886,0.02
1087,1087,0.02
529,529,0.02
1422,1422,0.02
893,893,0.02
390,390,0.02
516,516,0.02
1129,1129,0.02
513,513,0.02
193,193,0.02
1544,1544,0.02
1095,1095,0.02
46,46,0.02
502,502,0.02
210,210,0.02
1316,1316,0.02
1411,1411,0.02
1664,1664,0.02
1859,1859,0.02
683,683,0.02
1341,1341,0.02
1369,1369,0.02
88,88,0.02
674,674,0.02
1939,1939,0.02
1336,1336,0.02
425,425,0.02
785,785,0.02
665,665,0.02
1623,1623,0.02
658,658,0.02
1470,1470,0.02
30,30,0.02
48,48,0.02
1488,1488,0.02
1856,1856,0.02
804,804,0.02
1949,1949,0.02
727,727,0.02
741,741,0.02
726,726,0.02
1155,1155,0.02
305,305,0.02
90,90,0.02
1247,1247,0.02
1940,1940,0.02
692,692,0.02
138,138,0.02
1992,1992,0.02
293,293,0.02
69,69,0.02
1007,1007,0.02
1590,1590,0.02
693,693,0.02
152,152,0.02
1375,1375,0.02
1217,1217,0.02
1882,1882,0.02
615,615,0.02
1062,1062,0.02
595,595,0.02
1196,1196,0.02
345,345,0.02
633,633,0.02
1990,1990,0.02
638,638,0.02
1325,1325,0.02
1717,1717,0.02
839,839,0.02
1678,1678,0.02
614,614,0.02
336,336,0.02
592,592,0.02
1266,1266,0.02
735,735,0.02
280,280,0.02
1682,1682,0.02
361,361,0.02
842,842,0.02
1565,1565,0.02
1872,1872,0.02
646,646,0.02
31,31,0.02
645,645,0.02
1934,1934,0.02
1193,1193,0.02
1116,1116,0.01
1008,1008,0.01
982,982,0.01
1175,1175,0.01
1186,1186,0.01
1601,1601,0.01
1111,1111,0.01
1027,1027,0.01
976,976,0.01
1108,1108,0.01
1078,1078,0.01
1180,1180,0.01
1206,1206,0.01
1089,1089,0.01
65,65,0.01
995,995,0.01
1615,1615,0.01
1877,1877,0.01
1894,1894,0.01
1876,1876,0.01
67,67,0.01
1241,1241,0.01
1053,1053,0.01
1242,1242,0.01
1244,1244,0.01
1612,1612,0.01
1038,1038,0.01
1139,1139,0.01
1104,1104,0.01
1261,1261,0.01
1915,1915,0.01
1187,1187,0.01
1468,1468,0.01
765,765,0.01
1372,1372,0.01
433,433,0.01
1952,1952,0.01
432,432,0.01
696,696,0.01
397,397,0.01
699,699,0.01
1857,1857,0.01
136,136,0.01
194,194,0.01
1945,1945,0.01
391,391,0.01
721,721,0.01
1551,1551,0.01
733,733,0.01
1944,1944,0.01
363,363,0.01
354,354,0.01
201,201,0.01
752,752,0.01
124,124,0.01
1989,1989,0.01
755,755,0.01
1453,1453,0.01
2022,2022,0.01
444,444,0.01
946,946,0.01
536,536,0.01
518,518,0.01
539,539,0.01
512,512,0.01
174,174,0.01
2014,2014,0.01
495,495,0.01
553,553,0.01
1433,1433,0.01
1745,1745,0.01
185,185,0.01
1752,1752,0.01
1553,1553,0.01
1402,1402,0.01
590,590,0.01
2041,2041,0.01
456,456,0.01
186,186,0.01
1394,1394,0.01
616,616,0.01
1704,1704,0.01
1379,1379,0.01
1722,1722,0.01
534,534,0.01
766,766,0.01
1503,1503,0.01
1505,1505,0.01
912,912,0.01
1783,1783,0.01
1517,1517,0.01
905,905,0.01
1506,1506,0.01
1646,1646,0.01
1805,1805,0.01
847,847,0.01
1536,1536,0.01
863,863,0.01
1293,1293,0.01
1788,1788,0.01
269,269,0.01
1532,1532,0.01
114,114,0.01
1300,1300,0.01
807,807,0.01
812,812,0.01
1520,1520,0.01
924,924,0.01
1342,1342,0.01
1522,1522,0.01
309,309,0.01
934,934,0.01
788,788,0.01
792,792,0.01
1938,1938,0.01
928,928,0.01
1726,1726,0.01
2005,2005,0.01
917,917,0.01
234,234,0.01
800,800,0.01
244,244,-0.0
1438,1438,0.0
3,3,-0.0
4,4,-0.0
1550,1550,0.0
1450,1450,-0.0
1521,1521,0.0
1971,1971,-0.0
460,460,-0.0
13,13,-0.0
1443,1443,-0.0
1968,1968,-0.0
1229,1229,-0.0
1099,1099,0.0
1707,1707,-0.0
1115,1115,0.0
59,59,0.0
313,313,0.0
1837,1837,-0.0
1492,1492,-0.0
200,200,-0.0
1475,1475,0.0
364,364,-0.0
297,297,0.0
376,376,0.0
1986,1986,-0.0
387,387,0.0
1885,1885,0.0
392,392,-0.0
393,393,-0.0
290,290,0.0
1781,1781,-0.0
1998,1998,-0.0
282,282,-0.0
192,192,0.0
1889,1889,0.0
423,423,-0.0
424,424,-0.0
427,427,0.0
428,428,0.0
278,278,-0.0
330,330,0.0
1452,1452,0.0
1833,1833,-0.0
953,953,0.0
1407,1407,-0.0
523,523,0.0
1335,1335,-0.0
777,777,-0.0
49,49,0.0
1002,1002,-0.0
768,768,-0.0
760,760,0.0
123,123,-0.0
2031,2031,0.0
1941,1941,-0.0
1351,1351,-0.0
745,745,0.0
744,744,-0.0
742,742,-0.0
729,729,0.0
1022,1022,-0.0
722,722,0.0
719,719,-0.0
710,710,0.0
94,94,-0.0
801,801,-0.0
1904,1904,-0.0
803,803,-0.0
1869,1869,0.0
1782,1782,0.0
929,929,-0.0
1762,1762,-0.0
1286,1286,-0.0
968,968,0.0
969,969,0.0
1927,1927,-0.0
1573,1573,-0.0
890,890,0.0
877,877,0.0
869,869,0.0
981,981,-0.0
1317,1317,-0.0
825,825,-0.0
1327,1327,0.0
1331,1331,0.0
1034,1034,0.0
1808,1808,-0.0
1961,1961,-0.0
1960,1960,-0.0
639,639,-0.0
1055,1055,-0.0
1383,1383,0.0
1388,1388,-0.0
555,555,-0.0
1677,1677,0.0
600,600,-0.0
552,552,0.0
594,594,-0.0
1898,1898,-0.0
1410,1410,-0.0
1404,1404,0.0
1072,1072,0.0
1069,1069,0.0
149,149,-0.0
581,581,0.0
144,144,0.0
549,549,-0.0
551,551,-0.0
671,671,-0.0
1814,1814,0.0
677,677,0.0
140,140,0.0
1243,1243,0.0
1081,1081,0.0
142,142,0.0
1367,1367,0.0
1523,1523,-0.01
1420,1420,-0.01
1832,1832,-0.01
1228,1228,-0.01
1191,1191,-0.01
1531,1531,-0.01
1849,1849,-0.01
45,45,-0.01
1587,1587,-0.01
1446,1446,-0.01
1324,1324,-0.01
1860,1860,-0.01
1359,1359,-0.01
1249,1249,-0.01
1770,1770,-0.01
1366,1366,-0.01
1421,1421,-0.01
1252,1252,-0.01
1843,1843,-0.01
1373,1373,-0.01
1376,1376,-0.01
1540,1540,-0.01
1449,1449,-0.01
55,55,-0.01
1537,1537,-0.01
1362,1362,-0.01
1834,1834,-0.01
217,217,-0.01
1528,1528,-0.01
1188,1188,-0.01
718,718,-0.01
1648,1648,-0.01
1801,1801,-0.01
776,776,-0.01
1657,1657,-0.01
125,125,-0.01
730,730,-0.01
720,720,-0.01
139,139,-0.01
619,619,-0.01
680,680,-0.01
1666,1666,-0.01
667,667,-0.01
651,651,-0.01
634,634,-0.01
631,631,-0.01
1672,1672,-0.01
799,799,-0.01
122,122,-0.01
808,808,-0.01
813,813,-0.01
959,959,-0.01
952,952,-0.01
940,940,-0.01
1919,1919,-0.01
903,903,-0.01
897,897,-0.01
115,115,-0.01
895,895,-0.01
878,878,-0.01
116,116,-0.01
865,865,-0.01
120,120,-0.01
829,829,-0.01
826,826,-0.01
818,818,-0.01
621,621,-0.01
1957,1957,-0.01
1629,1629,-0.01
320,320,-0.01
407,407,-0.01
195,195,-0.01
356,356,-0.01
347,347,-0.01
335,335,-0.01
332,332,-0.01
325,325,-0.01
303,303,-0.01
604,604,-0.01
1995,1995,-0.01
1730,1730,-0.01
1732,1732,-0.01
266,266,-0.01
259,259,-0.01
253,253,-0.01
214,214,-0.01
413,413,-0.01
190,190,-0.01
440,440,-0.01
1742,1742,-0.01
599,599,-0.01
587,587,-0.01
585,585,-0.01
1795,1795,-0.01
1687,1687,-0.01
170,170,-0.01
524,524,-0.01
500,500,-0.01
1969,1969,-0.01
180,180,-0.01
477,477,-0.01
466,466,-0.01
464,464,-0.01
457,457,-0.01
452,452,-0.01
1630,1630,-0.01
708,708,-0.01
1767,1767,-0.01
1004,1004,-0.01
1130,1130,-0.01
1057,1057,-0.01
1133,1133,-0.01
1890,1890,-0.01
72,72,-0.01
1891,1891,-0.01
1030,1030,-0.01
1156,1156,-0.01
1006,1006,-0.01
1117,1117,-0.01
1811,1811,-0.01
1110,1110,-0.01
1026,1026,-0.01
1598,1598,-0.01
1173,1173,-0.01
1071,1071,-0.01
1067,1067,-0.01
482,482,-0.02
503,503,-0.02
16,16,-0.02
1384,1384,-0.02
1090,1090,-0.02
1699,1699,-0.02
1216,1216,-0.02
1965,1965,-0.02
2040,2040,-0.02
654,654,-0.02
657,657,-0.02
2035,2035,-0.02
82,82,-0.02
471,471,-0.02
515,515,-0.02
623,623,-0.02
1893,1893,-0.02
538,538,-0.02
613,613,-0.02
2030,2030,-0.02
1112,1112,-0.02
1681,1681,-0.02
21,21,-0.02
1406,1406,-0.02
163,163,-0.02
618,618,-0.02
1794,1794,-0.02
1552,1552,-0.02
1120,1120,-0.02
17,17,-0.02
77,77,-0.02
1826,1826,-0.02
1689,1689,-0.02
565,565,-0.02
1267,1267,-0.02
1549,1549,-0.02
1738,1738,-0.02
204,204,-0.02
1791,1791,-0.02
1790,1790,-0.02
1167,1167,-0.02
277,277,-0.02
1168,1168,-0.02
1169,1169,-0.02
2003,2003,-0.02
237,237,-0.02
302,302,-0.02
233,233,-0.02
1740,1740,-0.02
1741,1741,-0.02
225,225,-0.02
224,224,-0.02
223,223,-0.02
1526,1526,-0.02
215,215,-0.02
1197,1197,-0.02
1496,1496,-0.02
462,462,-0.02
362,362,-0.02
1448,1448,-0.02
436,436,-0.02
435,435,-0.02
1458,1458,-0.02
429,429,-0.02
1137,1137,-0.02
388,388,-0.02
1713,1713,-0.02
357,357,-0.02
1198,1198,-0.02
351,351,-0.02
1842,1842,-0.02
338,338,-0.02
337,337,-0.02
68,68,-0.02
63,63,-0.02
319,319,-0.02
1725,1725,-0.02
1900,1900,-0.02
1851,1851,-0.02
1642,1642,-0.02
1755,1755,-0.02
921,921,-0.02
810,810,-0.02
837,837,-0.02
919,919,-0.02
1638,1638,-0.02
880,880,-0.02
907,907,-0.02
1260,1260,-0.02
757,757,-0.02
1654,1654,-0.02
1323,1323,-0.02
33,33,-0.02
820,820,-0.02
883,883,-0.02
817,817,-0.02
1340,1340,-0.02
1902,1902,-0.02
778,778,-0.02
781,781,-0.02
814,814,-0.02
1011,1011,-0.02
797,797,-0.02
892,892,-0.02
89,89,-0.02
805,805,-0.02
1013,1013,-0.02
888,888,-0.02
874,874,-0.02
1863,1863,-0.02
694,694,-0.02
137,137,-0.02
1184,1184,-0.02
1276,1276,-0.02
1363,1363,-0.02
838,838,-0.02
994,994,-0.02
2038,2038,-0.02
971,971,-0.02
134,134,-0.02
958,958,-0.02
1045,1045,-0.02
218,218,-0.02
973,973,-0.02
1773,1773,-0.02
1005,1005,-0.02
1628,1628,-0.02
1018,1018,-0.02
965,965,-0.02
1476,1476,-0.03
71,71,-0.03
401,401,-0.03
420,420,-0.03
1930,1930,-0.03
1829,1829,-0.03
367,367,-0.03
417,417,-0.03
1207,1207,-0.03
374,374,-0.03
1255,1255,-0.03
1145,1145,-0.03
1050,1050,-0.03
1804,1804,-0.03
292,292,-0.03
1913,1913,-0.03
96,96,-0.03
990,990,-0.03
235,235,-0.03
1001,1001,-0.03
1513,1513,-0.03
268,268,-0.03
1923,1923,-0.03
2001,2001,-0.03
206,206,-0.03
287,287,-0.03
1288,1288,-0.03
32,32,-0.03
300,300,-0.03
908,908,-0.03
1494,1494,-0.03
1294,1294,-0.03
311,311,-0.03
1457,1457,-0.03
1165,1165,-0.03
1163,1163,-0.03
334,334,-0.03
1581,1581,-0.03
1482,1482,-0.03
902,902,-0.03
1974,1974,-0.03
577,577,-0.03
1608,1608,-0.03
580,580,-0.03
767,767,-0.03
1113,1113,-0.03
1348,1348,-0.03
1679,1679,-0.03
1400,1400,-0.03
1399,1399,-0.03
1044,1044,-0.03
1759,1759,-0.03
747,747,-0.03
1105,1105,-0.03
1675,1675,-0.03
1824,1824,-0.03
1389,1389,-0.03
1097,1097,-0.03
576,576,-0.03
1563,1563,-0.03
52,52,-0.03
1047,1047,-0.03
636,636,-0.03
640,640,-0.03
642,642,-0.03
644,644,-0.03
695,695,-0.03
26,26,-0.03
662,662,-0.03
1951,1951,-0.03
681,681,-0.03
1561,1561,-0.03
684,684,-0.03
1254,1254,-0.03
873,873,-0.03
770,770,-0.03
1213,1213,-0.03
1786,1786,-0.03
1019,1019,-0.03
685,685,-0.03
822,822,-0.03
182,182,-0.03
478,478,-0.03
1434,1434,-0.03
1933,1933,-0.03
849,849,-0.03
188,188,-0.03
1028,1028,-0.03
1214,1214,-0.03
1429,1429,-0.03
493,493,-0.03
1031,1031,-0.03
1618,1618,-0.03
1219,1219,-0.03
543,543,-0.03
546,546,-0.03
1040,1040,-0.03
773,773,-0.03
772,772,-0.03
438,438,-0.03
571,571,-0.03
1703,1703,-0.04
1596,1596,-0.04
1603,1603,-0.04
1674,1674,-0.04
1711,1711,-0.04
1792,1792,-0.04
1724,1724,-0.04
1815,1815,-0.04
1763,1763,-0.04
1582,1582,-0.04
1636,1636,-0.04
1720,1720,-0.04
1643,1643,-0.04
2047,2047,-0.04
762,762,-0.04
606,606,-0.04
761,761,-0.04
738,738,-0.04
709,709,-0.04
653,653,-0.04
632,632,-0.04
611,611,-0.04
593,593,-0.04
798,798,-0.04
570,570,-0.04
566,566,-0.04
563,563,-0.04
547,547,-0.04
525,525,-0.04
522,522,-0.04
796,796,-0.04
1935,1935,-0.04
1887,1887,-0.04
1036,1036,-0.04
1136,1136,-0.04
1122,1122,-0.04
1121,1121,-0.04
1102,1102,-0.04
1100,1100,-0.04
1092,1092,-0.04
1,1,-0.04
872,872,-0.04
1908,1908,-0.04
967,967,-0.04
962,962,-0.04
954,954,-0.04
918,918,-0.04
1778,1778,-0.04
508,508,-0.04
489,489,-0.04
449,449,-0.04
2027,2027,-0.04
161,161,-0.04
153,153,-0.04
2019,2019,-0.04
2023,2023,-0.04
2026,2026,-0.04
128,128,-0.04
2028,2028,-0.04
1977,1977,-0.04
109,109,-0.04
74,74,-0.04
62,62,-0.04
56,56,-0.04
41,41,-0.04
20,20,-0.04
181,181,-0.04
189,189,-0.04
243,243,-0.04
246,246,-0.04
2004,2004,-0.04
260,260,-0.04
272,272,-0.04
288,288,-0.04
323,323,-0.04
355,355,-0.04
360,360,-0.04
365,365,-0.04
370,370,-0.04
372,372,-0.04
410,410,-0.04
1979,1979,-0.04
446,446,-0.04
1147,1147,-0.04
1777,1777,-0.04
1401,1401,-0.04
1326,1326,-0.04
1232,1232,-0.04
1880,1880,-0.04
1403,1403,-0.04
1262,1262,-0.04
1211,1211,-0.04
1423,1423,-0.04
1204,1204,-0.04
1441,1441,-0.04
1881,1881,-0.04
1460,1460,-0.04
1472,1472,-0.04
1386,1386,-0.04
1200,1200,-0.04
1274,1274,-0.04
1171,1171,-0.04
1836,1836,-0.04
1865,1865,-0.04
1498,1498,-0.04
1368,1368,-0.05
1705,1705,-0.05
1309,1309,-0.05
1356,1356,-0.05
517,517,-0.05
1560,1560,-0.05
394,394,-0.05
1685,1685,-0.05
584,584,-0.05
368,368,-0.05
1558,1558,-0.05
1354,1354,-0.05
1311,1311,-0.05
509,509,-0.05
1353,1353,-0.05
1313,1313,-0.05
467,467,-0.05
470,470,-0.05
1861,1861,-0.05
1716,1716,-0.05
1330,1330,-0.05
491,491,-0.05
505,505,-0.05
481,481,-0.05
1151,1151,-0.05
1396,1396,-0.05
1481,1481,-0.05
37,37,-0.05
1509,1509,-0.05
42,42,-0.05
1534,1534,-0.05
73,73,-0.05
1507,1507,-0.05
80,80,-0.05
84,84,-0.05
112,112,-0.05
1758,1758,-0.05
127,127,-0.05
1485,1485,-0.05
1840,1840,-0.05
1751,1751,-0.05
350,350,-0.05
1459,1459,-0.05
228,228,-0.05
245,245,-0.05
1424,1424,-0.05
254,254,-0.05
261,261,-0.05
1414,1414,-0.05
307,307,-0.05
312,312,-0.05
1723,1723,-0.05
1298,1298,-0.05
326,326,-0.05
340,340,-0.05
1959,1959,-0.05
1864,1864,-0.05
1041,1041,-0.05
678,678,-0.05
1215,1215,-0.05
748,748,-0.05
759,759,-0.05
1798,1798,-0.05
1515,1515,-0.05
1048,1048,-0.05
915,915,-0.05
904,904,-0.05
783,783,-0.05
790,790,-0.05
1819,1819,-0.05
1259,1259,-0.05
899,899,-0.05
832,832,-0.05
840,840,-0.05
1073,1073,-0.05
868,868,-0.05
1921,1921,-0.05
1210,1210,-0.05
1021,1021,-0.05
1292,1292,-0.05
923,923,-0.05
669,669,-0.05
1906,1906,-0.05
1275,1275,-0.05
985,985,-0.05
975,975,-0.05
625,625,-0.05
955,955,-0.05
622,622,-0.05
1597,1597,-0.05
1135,1135,-0.05
159,159,-0.06
179,179,-0.06
157,157,-0.06
183,183,-0.06
1463,1463,-0.06
2016,2016,-0.06
601,601,-0.06
1201,1201,-0.06
1818,1818,-0.06
1512,1512,-0.06
1775,1775,-0.06
1174,1174,-0.06
1103,1103,-0.06
61,61,-0.06
1830,1830,-0.06
1176,1176,-0.06
1091,1091,-0.06
1465,1465,-0.06
1084,1084,-0.06
1080,1080,-0.06
118,118,-0.06
1539,1539,-0.06
1043,1043,-0.06
1828,1828,-0.06
1029,1029,-0.06
231,231,-0.06
294,294,-0.06
1653,1653,-0.06
643,643,-0.06
1579,1579,-0.06
1273,1273,-0.06
706,706,-0.06
682,682,-0.06
1696,1696,-0.06
1966,1966,-0.06
630,630,-0.06
782,782,-0.06
1962,1962,-0.06
564,564,-0.06
1673,1673,-0.06
1956,1956,-0.06
579,579,-0.06
1280,1280,-0.06
1627,1627,-0.06
1525,1525,-0.06
1981,1981,-0.06
301,301,-0.06
926,926,-0.06
1250,1250,-0.06
275,275,-0.06
1875,1875,-0.06
291,291,-0.06
857,857,-0.06
591,591,-0.06
1370,1370,-0.06
331,331,-0.06
2012,2012,-0.07
1994,1994,-0.07
1796,1796,-0.07
1924,1924,-0.07
1953,1953,-0.07
2029,2029,-0.07
1897,1897,-0.07
1827,1827,-0.07
1810,1810,-0.07
1910,1910,-0.07
0,0,-0.07
1771,1771,-0.07
1614,1614,-0.07
1606,1606,-0.07
670,670,-0.07
697,697,-0.07
1308,1308,-0.07
1575,1575,-0.07
823,823,-0.07
843,843,-0.07
862,862,-0.07
922,922,-0.07
1543,1543,-0.07
1535,1535,-0.07
1516,1516,-0.07
1514,1514,-0.07
933,933,-0.07
1502,1502,-0.07
949,949,-0.07
979,979,-0.07
1484,1484,-0.07
980,980,-0.07
996,996,-0.07
1046,1046,-0.07
1444,1444,-0.07
1058,1058,-0.07
1065,1065,-0.07
1077,1077,-0.07
1398,1398,-0.07
1360,1360,-0.07
1240,1240,-0.07
1277,1277,-0.07
1613,1613,-0.07
717,717,-0.07
588,588,-0.07
145,145,-0.07
98,98,-0.07
175,175,-0.07
1706,1706,-0.07
1701,1701,-0.07
196,196,-0.07
232,232,-0.07
270,270,-0.07
299,299,-0.07
1652,1652,-0.07
333,333,-0.07
110,110,-0.07
439,439,-0.07
487,487,-0.07
12,12,-0.07
408,408,-0.07
431,431,-0.07
1764,1764,-0.07
442,442,-0.07
8,8,-0.08
75,75,-0.08
51,51,-0.08
1125,1125,-0.08
1202,1202,-0.08
1128,1128,-0.08
1194,1194,-0.08
15,15,-0.08
1238,1238,-0.08
1143,1143,-0.08
1149,1149,-0.08
1265,1265,-0.08
963,963,-0.08
999,999,-0.08
339,339,-0.08
620,620,-0.08
714,714,-0.08
715,715,-0.08
403,403,-0.08
380,380,-0.08
844,844,-0.08
871,871,-0.08
150,150,-0.08
881,881,-0.08
222,222,-0.08
941,941,-0.08
572,572,-0.08
978,978,-0.08
169,169,-0.08
1290,1290,-0.08
972,972,-0.08
1474,1474,-0.08
1508,1508,-0.08
1548,1548,-0.08
1802,1802,-0.08
1365,1365,-0.08
1729,1729,-0.08
1633,1633,-0.08
1757,1757,-0.08
1364,1364,-0.08
1739,1739,-0.08
1497,1497,-0.08
1491,1491,-0.08
1846,1846,-0.08
1838,1838,-0.08
1500,1500,-0.09
276,276,-0.09
914,914,-0.09
948,948,-0.09
274,274,-0.09
1922,1922,-0.09
1665,1665,-0.09
1479,1479,-0.09
1996,1996,-0.09
937,937,-0.09
649,649,-0.09
316,316,-0.09
882,882,-0.09
1611,1611,-0.09
1312,1312,-0.09
660,660,-0.09
1605,1605,-0.09
554,554,-0.09
705,705,-0.09
1973,1973,-0.09
454,454,-0.09
451,451,-0.09
1943,1943,-0.09
749,749,-0.09
1621,1621,-0.09
1569,1569,-0.09
845,845,-0.09
998,998,-0.09
1556,1556,-0.09
1487,1487,-0.09
1035,1035,-0.09
1239,1239,-0.09
1392,1392,-0.09
1161,1161,-0.09
93,93,-0.09
81,81,-0.09
1744,1744,-0.09
1226,1226,-0.09
1346,1346,-0.09
1412,1412,-0.09
1256,1256,-0.09
19,19,-0.09
1272,1272,-0.09
1328,1328,-0.09
1283,1283,-0.09
1760,1760,-0.09
105,105,-0.09
85,85,-0.09
126,126,-0.09
1083,1083,-0.09
1037,1037,-0.09
1042,1042,-0.09
177,177,-0.09
172,172,-0.09
1426,1426,-0.09
1060,1060,-0.09
1619,1619,-0.09
2020,2020,-0.09
1106,1106,-0.09
1809,1809,-0.1
6,6,-0.1
7,7,-0.1
9,9,-0.1
146,146,-0.1
608,608,-0.1
550,550,-0.1
514,514,-0.1
1660,1660,-0.1
492,492,-0.1
184,184,-0.1
321,321,-0.1
342,342,-0.1
44,44,-0.1
448,448,-0.1
279,279,-0.1
1651,1651,-0.1
414,414,-0.1
1639,1639,-0.1
381,381,-0.1
164,164,-0.1
251,251,-0.1
1024,1024,-0.1
1780,1780,-0.1
1948,1948,-0.1
1425,1425,-0.1
737,737,-0.1
898,898,-0.1
1378,1378,-0.1
833,833,-0.1
1257,1257,-0.1
1343,1343,-0.1
1925,1925,-0.1
1483,1483,-0.1
1911,1911,-0.1
932,932,-0.1
1297,1297,-0.1
939,939,-0.11
1655,1655,-0.11
1728,1728,-0.11
970,970,-0.11
2018,2018,-0.11
1562,1562,-0.11
1085,1085,-0.11
1656,1656,-0.11
344,344,-0.11
1645,1645,-0.11
256,256,-0.11
1166,1166,-0.11
1570,1570,-0.11
673,673,-0.11
1315,1315,-0.11
540,540,-0.11
519,519,-0.11
1599,1599,-0.11
1761,1761,-0.11
1236,1236,-0.11
426,426,-0.11
130,130,-0.11
135,135,-0.11
753,753,-0.11
1733,1733,-0.11
252,252,-0.11
794,794,-0.11
1737,1737,-0.12
1456,1456,-0.12
151,151,-0.12
1892,1892,-0.12
1314,1314,-0.12
610,610,-0.12
1564,1564,-0.12
1641,1641,-0.12
453,453,-0.12
284,284,-0.12
227,227,-0.13
1592,1592,-0.13
1154,1154,-0.13
458,458,-0.13
60,60,-0.13
1126,1126,-0.13
1942,1942,-0.13
1593,1593,-0.13
1616,1616,-0.13
1768,1768,-0.13
1082,1082,-0.13
900,900,-0.13
1431,1431,-0.13
1714,1714,-0.13
298,298,-0.13
988,988,-0.13
691,691,-0.13
2032,2032,-0.13
2043,2043,-0.14
1883,1883,-0.14
496,496,-0.14
1289,1289,-0.14
463,463,-0.14
296,296,-0.14
1397,1397,-0.14
239,239,-0.14
1557,1557,-0.14
479,479,-0.15
1322,1322,-0.15
343,343,-0.15
1684,1684,-0.15
780,780,-0.16
1635,1635,-0.16
147,147,-0.16
1585,1585,-0.16
1223,1223,-0.18
207,207,-0.18
548,548,-0.2
